{
	"info": {
		"_postman_id": "26ce8fa5-c977-4e9a-95ff-c35873b3bb54",
		"name": "Fase 3",
		"schema": "https://schema.getpostman.com/json/collection/v2.1.0/collection.json"
	},
	"item": [
		{
			"name": "HelloWorld",
			"request": {
				"method": "GET",
				"header": [],
				"url": {
					"raw": "{{IP}}:{{port}}",
					"host": [
						"{{IP}}"
					],
					"port": "{{port}}"
				}
			},
			"response": []
		},
		{
			"name": "New Request",
			"request": {
				"method": "GET",
				"header": [],
				"url": {
					"raw": "{{IP}}:{{port}}/Blanca",
					"host": [
						"{{IP}}"
					],
					"port": "{{port}}",
					"path": [
						"Blanca"
					]
				}
			},
			"response": []
		}
	]
}