{
	"info": {
		"_postman_id": "3b755850-fd56-4d8e-a433-325704d88ee5",
		"name": "Fase 1",
		"schema": "https://schema.getpostman.com/json/collection/v2.1.0/collection.json"
	},
	"item": [
		{
			"name": "https://restcountries.com/v3.1/all",
			"request": {
				"method": "GET",
				"header": [],
				"url": {
					"raw": "https://restcountries.com/v3.1/all",
					"protocol": "https",
					"host": [
						"restcountries",
						"com"
					],
					"path": [
						"v3.1",
						"all"
					]
				}
			},
			"response": []
		}
	]
}